﻿<?xml version="1.0" encoding="utf-8" ?>
<StructureMap>

  <DefaultInstance
    PluginType="StructureMap.Testing.Configuration.ClassWithStringAndIntArray, StructureMap.Testing"
    TPluggedType="StructureMap.Testing.Configuration.ClassWithStringAndIntArray, StructureMap.Testing">

    <Property Name="numbers" Values="1;2;3" Delimiter=";"/>
    <Property Name="strings" Values="1,2,3"/>
  </DefaultInstance>


  <DefaultInstance
    PluginType="StructureMap.Testing.Configuration.ClassWithDictionary, StructureMap.Testing"
    TPluggedType="StructureMap.Testing.Configuration.ClassWithDictionary, StructureMap.Testing">
    <Property Name="dictionary">
      <Pair Key='color' Value='red'/>
      <Pair Key='state' Value='texas'/>
      <Pair Key='direction' Value='north'/>
    </Property>
  </DefaultInstance>
    
</StructureMap>
