<div>
  <ul>
    <li>
      <a href="http://structuremap.sourceforge.net/default.htm">Home</a>
      <ul>
        <li>
          <a href="http://structuremap.sourceforge.net/default.htm#section0">Status</a>
          <ul />
        </li>
        <li>
          <a href="http://structuremap.sourceforge.net/default.htm#section1">Related Links:</a>
          <ul />
        </li>
      </ul>
    </li>
    <li>
      <a href="http://structuremap.sourceforge.net/FeatureList.htm">Feature List</a>
      <ul />
    </li>
    <li>
      <a href="http://structuremap.sourceforge.net/QuickStart.htm">A Gentle Quickstart</a>
      <ul>
        <li>
          <a href="http://structuremap.sourceforge.net/QuickStart.htm#section0">Salient Facts</a>
          <ul />
        </li>
        <li>
          <a href="http://structuremap.sourceforge.net/QuickStart.htm#section1">The Simplest Possible Usage of StructureMap</a>
          <ul />
        </li>
        <li>
          <a href="http://structuremap.sourceforge.net/QuickStart.htm#section2">Primitive Arguments</a>
          <ul />
        </li>
        <li>
          <a href="http://structuremap.sourceforge.net/QuickStart.htm#section3">Auto Wiring</a>
          <ul />
        </li>
        <li>
          <a href="http://structuremap.sourceforge.net/QuickStart.htm#section4">What to do when things go wrong?</a>
          <ul />
        </li>
      </ul>
    </li>
    <li>
      <a href="http://structuremap.sourceforge.net/Glossary.htm">Glossary</a>
      <ul>
        <li>
          <a href="http://structuremap.sourceforge.net/Glossary.htm#section0">Container</a>
          <ul />
        </li>
        <li>
          <a href="http://structuremap.sourceforge.net/Glossary.htm#section1">PluginType &amp;amp; TPluggedType</a>
          <ul />
        </li>
        <li>
          <a href="http://structuremap.sourceforge.net/Glossary.htm#section2">Instance</a>
          <ul />
        </li>
        <li>
          <a href="http://structuremap.sourceforge.net/Glossary.htm#section3">Scoping (or Lifecycle)</a>
          <ul />
        </li>
        <li>
          <a href="http://structuremap.sourceforge.net/Glossary.htm#section4">Profile</a>
          <ul />
        </li>
        <li>
          <a href="http://structuremap.sourceforge.net/Glossary.htm#section5">Interceptor</a>
          <ul />
        </li>
      </ul>
    </li>
    <li>
      <a href="http://structuremap.sourceforge.net/Concepts.htm">Software Design Concepts</a>
      <ul>
        <li>
          <a href="http://structuremap.sourceforge.net/Concepts.htm#section0">Design Concepts</a>
          <ul />
        </li>
        <li>
          <a href="http://structuremap.sourceforge.net/Concepts.htm#section1">Dependencies</a>
          <ul />
        </li>
        <li>
          <a href="http://structuremap.sourceforge.net/Concepts.htm#section2">Inversion of Control and Dependency Injection</a>
          <ul />
        </li>
        <li>
          <a href="http://structuremap.sourceforge.net/Concepts.htm#section3">Auto Wiring</a>
          <ul />
        </li>
      </ul>
    </li>
    <li>
      <a href="http://structuremap.sourceforge.net/DependencyInjection.htm">Dependency Injection</a>
      <ul>
        <li>
          <a href="http://structuremap.sourceforge.net/DependencyInjection.htm#section0">Dependency Injection</a>
          <ul />
        </li>
        <li>
          <a href="http://structuremap.sourceforge.net/DependencyInjection.htm#section1">Example Problem</a>
          <ul />
        </li>
        <li>
          <a href="http://structuremap.sourceforge.net/DependencyInjection.htm#section2">Constructor Injection</a>
          <ul />
        </li>
        <li>
          <a href="http://structuremap.sourceforge.net/DependencyInjection.htm#section3">Setter Injection</a>
          <ul />
        </li>
        <li>
          <a href="http://structuremap.sourceforge.net/DependencyInjection.htm#section4">Service Locator</a>
          <ul />
        </li>
        <li>
          <a href="http://structuremap.sourceforge.net/DependencyInjection.htm#section5">Good for More than Unit Testing</a>
          <ul />
        </li>
        <li>
          <a href="http://structuremap.sourceforge.net/DependencyInjection.htm#section6">Using a Dependency Injection Tool</a>
          <ul />
        </li>
      </ul>
    </li>
    <li>
      <a href="http://structuremap.sourceforge.net/InversionOfControl.htm">Inversion of Control</a>
      <ul>
        <li>
          <a href="http://structuremap.sourceforge.net/InversionOfControl.htm#section0">Real Life Example</a>
          <ul />
        </li>
        <li>
          <a href="http://structuremap.sourceforge.net/InversionOfControl.htm#section1">Refactoring to Inversion of Control</a>
          <ul />
        </li>
        <li>
          <a href="http://structuremap.sourceforge.net/InversionOfControl.htm#section2">Other Examples</a>
          <ul />
        </li>
      </ul>
    </li>
    <li>
      <a href="http://structuremap.sourceforge.net/ConfiguringStructureMap.htm">Configuring StructureMap</a>
      <ul>
        <li>
          <a href="http://structuremap.sourceforge.net/ConfiguringStructureMap.htm#section0">Forms of Configuration</a>
          <ul />
        </li>
        <li>
          <a href="http://structuremap.sourceforge.net/ConfiguringStructureMap.htm#section1">Initializing the Container</a>
          <ul>
            <li>
              <a href="http://structuremap.sourceforge.net/ConfiguringStructureMap.htm#section2">Using the App.Config File</a>
            </li>
            <li>
              <a href="http://structuremap.sourceforge.net/ConfiguringStructureMap.htm#section3">The StructureMap.config File</a>
            </li>
          </ul>
        </li>
        <li>
          <a href="http://structuremap.sourceforge.net/ConfiguringStructureMap.htm#section4">Where and How to Bootstrap StructureMap</a>
          <ul>
            <li>
              <a href="http://structuremap.sourceforge.net/ConfiguringStructureMap.htm#section5">Creating a Bootstrapper</a>
            </li>
            <li>
              <a href="http://structuremap.sourceforge.net/ConfiguringStructureMap.htm#section6">StructureMapConfiguration</a>
            </li>
          </ul>
        </li>
      </ul>
    </li>
    <li>
      <a href="http://structuremap.sourceforge.net/RegistryDSL.htm">Registry DSL</a>
      <ul>
        <li>
          <a href="http://structuremap.sourceforge.net/RegistryDSL.htm#section0">The Registry Class</a>
          <ul>
            <li>
              <a href="http://structuremap.sourceforge.net/RegistryDSL.htm#section1">Applying Registry Classes</a>
            </li>
            <li>
              <a href="http://structuremap.sourceforge.net/RegistryDSL.htm#section2">The Registry DSL Methods</a>
            </li>
          </ul>
        </li>
        <li>
          <a href="http://structuremap.sourceforge.net/RegistryDSL.htm#section3">Registering Types</a>
          <ul>
            <li>
              <a href="http://structuremap.sourceforge.net/RegistryDSL.htm#section4">Specifying the Default Instance for a PluginType</a>
            </li>
            <li>
              <a href="http://structuremap.sourceforge.net/RegistryDSL.htm#section5">Specifying Additional Instances for a PluginType</a>
            </li>
            <li>
              <a href="http://structuremap.sourceforge.net/RegistryDSL.htm#section6">Setting the Scoping/Lifecycle for a PluginType</a>
            </li>
          </ul>
        </li>
        <li>
          <a href="http://structuremap.sourceforge.net/RegistryDSL.htm#section7">Registering a "Missing Instance"</a>
          <ul />
        </li>
        <li>
          <a href="http://structuremap.sourceforge.net/RegistryDSL.htm#section8">Configuring Concrete Types</a>
          <ul />
        </li>
        <li>
          <a href="http://structuremap.sourceforge.net/RegistryDSL.htm#section9">Working with Open Generic Types</a>
          <ul />
        </li>
        <li>
          <a href="http://structuremap.sourceforge.net/RegistryDSL.htm#section10">Auto Registration and Assembly ScanningScanning</a>
          <ul />
        </li>
        <li>
          <a href="http://structuremap.sourceforge.net/RegistryDSL.htm#section11">Setter Injection Policies</a>
          <ul />
        </li>
        <li>
          <a href="http://structuremap.sourceforge.net/RegistryDSL.htm#section12">Interception</a>
          <ul />
        </li>
        <li>
          <a href="http://structuremap.sourceforge.net/RegistryDSL.htm#section13">Creating a Profile</a>
          <ul />
        </li>
        <li>
          <a href="http://structuremap.sourceforge.net/RegistryDSL.htm#section14">Using the Registry DSL Directly in Initializationlization</a>
          <ul />
        </li>
      </ul>
    </li>
    <li>
      <a href="http://structuremap.sourceforge.net/InstanceExpression.htm">Configuring Instances</a>
      <ul>
        <li>
          <a href="http://structuremap.sourceforge.net/InstanceExpression.htm#section0">Instance Expression</a>
          <ul>
            <li>
              <a href="http://structuremap.sourceforge.net/InstanceExpression.htm#section1">InstanceExpression Operations</a>
            </li>
          </ul>
        </li>
        <li>
          <a href="http://structuremap.sourceforge.net/InstanceExpression.htm#section2">Building with Constructors and Setters</a>
          <ul>
            <li>
              <a href="http://structuremap.sourceforge.net/InstanceExpression.htm#section3">Designating the Type</a>
            </li>
            <li>
              <a href="http://structuremap.sourceforge.net/InstanceExpression.htm#section4">Defining primitive constructor arguments</a>
            </li>
            <li>
              <a href="http://structuremap.sourceforge.net/InstanceExpression.htm#section5">Defining primitive setter properties</a>
            </li>
            <li>
              <a href="http://structuremap.sourceforge.net/InstanceExpression.htm#section6">Overriding Constructor Dependencies</a>
            </li>
            <li>
              <a href="http://structuremap.sourceforge.net/InstanceExpression.htm#section7">Overriding Setter Dependencies</a>
            </li>
            <li>
              <a href="http://structuremap.sourceforge.net/InstanceExpression.htm#section8">Array or Non Primitive Dependencies</a>
            </li>
            <li>
              <a href="http://structuremap.sourceforge.net/InstanceExpression.htm#section9">Primitive Arrays and Dictionaries</a>
            </li>
          </ul>
        </li>
        <li>
          <a href="http://structuremap.sourceforge.net/InstanceExpression.htm#section10">Using a Custom Instance</a>
          <ul />
        </li>
        <li>
          <a href="http://structuremap.sourceforge.net/InstanceExpression.htm#section11">Using an Externally Constructed Object</a>
          <ul />
        </li>
        <li>
          <a href="http://structuremap.sourceforge.net/InstanceExpression.htm#section12">Constructing Objects with Lambda Functions</a>
          <ul />
        </li>
        <li>
          <a href="http://structuremap.sourceforge.net/InstanceExpression.htm#section13">Referencing a Named Instance</a>
          <ul />
        </li>
        <li>
          <a href="http://structuremap.sourceforge.net/InstanceExpression.htm#section14">Using the Default Instance</a>
          <ul />
        </li>
        <li>
          <a href="http://structuremap.sourceforge.net/InstanceExpression.htm#section15">Specifying a Prototype Object with Cloning</a>
          <ul />
        </li>
        <li>
          <a href="http://structuremap.sourceforge.net/InstanceExpression.htm#section16">Specifying a Prototype Object with Serialization</a>
          <ul />
        </li>
        <li>
          <a href="http://structuremap.sourceforge.net/InstanceExpression.htm#section17">Configuring Conditional Construction</a>
          <ul />
        </li>
      </ul>
    </li>
    <li>
      <a href="http://structuremap.sourceforge.net/XmlConfiguration.htm">Xml Configuration</a>
      <ul>
        <li>
          <a href="http://structuremap.sourceforge.net/XmlConfiguration.htm#section0">&amp;lt;StructureMap&amp;gt; Element</a>
          <ul>
            <li>
              <a href="http://structuremap.sourceforge.net/XmlConfiguration.htm#section1">Configuring Instances</a>
            </li>
          </ul>
        </li>
        <li>
          <a href="http://structuremap.sourceforge.net/XmlConfiguration.htm#section2">Adding a Default Instance for a PluginType</a>
          <ul />
        </li>
        <li>
          <a href="http://structuremap.sourceforge.net/XmlConfiguration.htm#section3">Adding Additional Instances for a PluginType</a>
          <ul />
        </li>
        <li>
          <a href="http://structuremap.sourceforge.net/XmlConfiguration.htm#section4">Defining a Profile</a>
          <ul />
        </li>
      </ul>
    </li>
    <li>
      <a href="http://structuremap.sourceforge.net/XmlReference.htm">Xml Reference</a>
      <ul>
        <li>
          <a href="http://structuremap.sourceforge.net/XmlReference.htm#section0">&amp;lt;StructureMap&amp;gt; Element</a>
          <ul />
        </li>
        <li>
          <a href="http://structuremap.sourceforge.net/XmlReference.htm#section1">&amp;lt;Include&amp;gt; Element</a>
          <ul />
        </li>
        <li>
          <a href="http://structuremap.sourceforge.net/XmlReference.htm#section2">&amp;lt;Assembly&amp;gt; Element</a>
          <ul />
        </li>
        <li>
          <a href="http://structuremap.sourceforge.net/XmlReference.htm#section3">&amp;lt;Instances&amp;gt; Element</a>
          <ul />
        </li>
        <li>
          <a href="http://structuremap.sourceforge.net/XmlReference.htm#section4">&amp;lt;Machine&amp;gt; Element</a>
          <ul />
        </li>
        <li>
          <a href="http://structuremap.sourceforge.net/XmlReference.htm#section5">&amp;lt;PluginFamily&amp;gt; Element</a>
          <ul />
        </li>
        <li>
          <a href="http://structuremap.sourceforge.net/XmlReference.htm#section6">&amp;lt;DefaultInstance&amp;gt; Element</a>
          <ul />
        </li>
        <li>
          <a href="http://structuremap.sourceforge.net/XmlReference.htm#section7">&amp;lt;Profile&amp;gt; Element</a>
          <ul />
        </li>
        <li>
          <a href="http://structuremap.sourceforge.net/XmlReference.htm#section8">&amp;lt;Instance&amp;gt; Element</a>
          <ul />
        </li>
        <li>
          <a href="http://structuremap.sourceforge.net/XmlReference.htm#section9">&amp;lt;Interceptors&amp;gt; Element</a>
          <ul />
        </li>
        <li>
          <a href="http://structuremap.sourceforge.net/XmlReference.htm#section10">&amp;lt;Interceptor&amp;gt; Element</a>
          <ul />
        </li>
        <li>
          <a href="http://structuremap.sourceforge.net/XmlReference.htm#section11">&amp;lt;Override&amp;gt; Element</a>
          <ul />
        </li>
        <li>
          <a href="http://structuremap.sourceforge.net/XmlReference.htm#section12">&amp;lt;Plugin&amp;gt; Element</a>
          <ul />
        </li>
        <li>
          <a href="http://structuremap.sourceforge.net/XmlReference.htm#section13">&amp;lt;Setter&amp;gt; Element</a>
          <ul />
        </li>
        <li>
          <a href="http://structuremap.sourceforge.net/XmlReference.htm#section14">&amp;lt;Source&amp;gt; Element</a>
          <ul />
        </li>
        <li>
          <a href="http://structuremap.sourceforge.net/XmlReference.htm#section15">&amp;lt;Property&amp;gt; Element</a>
          <ul />
        </li>
      </ul>
    </li>
    <li>
      <a href="http://structuremap.sourceforge.net/NodeNormalized.htm">Node Normalized Instances</a>
      <ul>
        <li>
          <a href="http://structuremap.sourceforge.net/NodeNormalized.htm#section0">Instance Root Node</a>
          <ul />
        </li>
        <li>
          <a href="http://structuremap.sourceforge.net/NodeNormalized.htm#section1">Primitive Properties (Strings and basic value types)</a>
          <ul />
        </li>
        <li>
          <a href="http://structuremap.sourceforge.net/NodeNormalized.htm#section2">Long Strings</a>
          <ul />
        </li>
        <li>
          <a href="http://structuremap.sourceforge.net/NodeNormalized.htm#section3">Enumeration Properties</a>
          <ul />
        </li>
        <li>
          <a href="http://structuremap.sourceforge.net/NodeNormalized.htm#section4">Dependency Properties</a>
          <ul>
            <li>
              <a href="http://structuremap.sourceforge.net/NodeNormalized.htm#section5">Inline Definition</a>
            </li>
            <li>
              <a href="http://structuremap.sourceforge.net/NodeNormalized.htm#section6">Reference Definition</a>
            </li>
          </ul>
        </li>
      </ul>
    </li>
    <li>
      <a href="http://structuremap.sourceforge.net/AttributeNormalized.htm">Attribute Normalized Instances</a>
      <ul>
        <li>
          <a href="http://structuremap.sourceforge.net/AttributeNormalized.htm#section0">Instance Root Node</a>
          <ul />
        </li>
        <li>
          <a href="http://structuremap.sourceforge.net/AttributeNormalized.htm#section1">Primitive Properties (Strings and basic value types)</a>
          <ul />
        </li>
        <li>
          <a href="http://structuremap.sourceforge.net/AttributeNormalized.htm#section2">Long Strings</a>
          <ul />
        </li>
        <li>
          <a href="http://structuremap.sourceforge.net/AttributeNormalized.htm#section3">Enumeration Properties</a>
          <ul />
        </li>
        <li>
          <a href="http://structuremap.sourceforge.net/AttributeNormalized.htm#section4">Dependency Properties</a>
          <ul>
            <li>
              <a href="http://structuremap.sourceforge.net/AttributeNormalized.htm#section5">Inline Definition</a>
            </li>
            <li>
              <a href="http://structuremap.sourceforge.net/AttributeNormalized.htm#section6">Reference Definition</a>
            </li>
          </ul>
        </li>
        <li>
          <a href="http://structuremap.sourceforge.net/AttributeNormalized.htm#section7">Non Primitive Array Property</a>
          <ul />
        </li>
        <li>
          <a href="http://structuremap.sourceforge.net/AttributeNormalized.htm#section8">Primitive Arrays</a>
          <ul />
        </li>
        <li>
          <a href="http://structuremap.sourceforge.net/AttributeNormalized.htm#section9">Dictionaries and NameValueCollection</a>
          <ul />
        </li>
      </ul>
    </li>
    <li>
      <a href="http://structuremap.sourceforge.net/ScanningAssemblies.htm">Auto Registration and Type Scanning</a>
      <ul>
        <li>
          <a href="http://structuremap.sourceforge.net/ScanningAssemblies.htm#section0">Using the Scan() Expression</a>
          <ul />
        </li>
        <li>
          <a href="http://structuremap.sourceforge.net/ScanningAssemblies.htm#section1">Rules for Auto Registering a Type</a>
          <ul />
        </li>
        <li>
          <a href="http://structuremap.sourceforge.net/ScanningAssemblies.htm#section2">Designating Assemblies </a>
          <ul />
        </li>
        <li>
          <a href="http://structuremap.sourceforge.net/ScanningAssemblies.htm#section3">Scan all Assemblies in a Given Folder</a>
          <ul />
        </li>
        <li>
          <a href="http://structuremap.sourceforge.net/ScanningAssemblies.htm#section4">Add All Concrete Types for a PluginType</a>
          <ul />
        </li>
        <li>
          <a href="http://structuremap.sourceforge.net/ScanningAssemblies.htm#section5">Excluding or Including Types</a>
          <ul />
        </li>
        <li>
          <a href="http://structuremap.sourceforge.net/ScanningAssemblies.htm#section6">Type Scanning with Attributes</a>
          <ul />
        </li>
        <li>
          <a href="http://structuremap.sourceforge.net/ScanningAssemblies.htm#section7">Convention Based Type Registration</a>
          <ul>
            <li>
              <a href="http://structuremap.sourceforge.net/ScanningAssemblies.htm#section8">The Default Convention</a>
            </li>
            <li>
              <a href="http://structuremap.sourceforge.net/ScanningAssemblies.htm#section9">Registering Types by Name</a>
            </li>
            <li>
              <a href="http://structuremap.sourceforge.net/ScanningAssemblies.htm#section10">Creating and Using Your Own Convention</a>
            </li>
          </ul>
        </li>
        <li>
          <a href="http://structuremap.sourceforge.net/ScanningAssemblies.htm#section11">Looking for Registries</a>
          <ul />
        </li>
      </ul>
    </li>
    <li>
      <a href="http://structuremap.sourceforge.net/Scoping.htm">Scoping, Caching, and Lifecycle Management</a>
      <ul>
        <li>
          <a href="http://structuremap.sourceforge.net/Scoping.htm#section0">Setting the Scope in the Registry DSL</a>
          <ul />
        </li>
        <li>
          <a href="http://structuremap.sourceforge.net/Scoping.htm#section1">Setting the Scope in the Xml Configuration</a>
          <ul />
        </li>
        <li>
          <a href="http://structuremap.sourceforge.net/Scoping.htm#section2">Setting the Scope with the PluginFamily Attribute</a>
          <ul />
        </li>
        <li>
          <a href="http://structuremap.sourceforge.net/Scoping.htm#section3">Using a Custom Scope/Lifecycle</a>
          <ul />
        </li>
      </ul>
    </li>
    <li>
      <a href="http://structuremap.sourceforge.net/UsingAttributes.htm">Using Attributes</a>
      <ul>
        <li>
          <a href="http://structuremap.sourceforge.net/UsingAttributes.htm#section0">Scanning for Classes marked with Attributes</a>
          <ul />
        </li>
        <li>
          <a href="http://structuremap.sourceforge.net/UsingAttributes.htm#section1">[DefaultConstructor] Attribute</a>
          <ul />
        </li>
        <li>
          <a href="http://structuremap.sourceforge.net/UsingAttributes.htm#section2">[PluginFamily] Attribute</a>
          <ul />
        </li>
        <li>
          <a href="http://structuremap.sourceforge.net/UsingAttributes.htm#section3">[Pluggable] Attribute</a>
          <ul />
        </li>
        <li>
          <a href="http://structuremap.sourceforge.net/UsingAttributes.htm#section4">[SetterProperty] Attribute</a>
          <ul />
        </li>
        <li>
          <a href="http://structuremap.sourceforge.net/UsingAttributes.htm#section5">[ValidationMethod] Attribute</a>
          <ul />
        </li>
      </ul>
    </li>
    <li>
      <a href="http://structuremap.sourceforge.net/Profiles.htm">Profiles</a>
      <ul />
    </li>
    <li>
      <a href="http://structuremap.sourceforge.net/Interception.htm">Interception</a>
      <ul>
        <li>
          <a href="http://structuremap.sourceforge.net/Interception.htm#section0">Intercept a Single Instance</a>
          <ul>
            <li>
              <a href="http://structuremap.sourceforge.net/Interception.htm#section1">Run an Action Against an Object</a>
            </li>
            <li>
              <a href="http://structuremap.sourceforge.net/Interception.htm#section2">Wrap or Substitute the Returned Object</a>
            </li>
            <li>
              <a href="http://structuremap.sourceforge.net/Interception.htm#section3">With a Custom Interceptor</a>
            </li>
          </ul>
        </li>
        <li>
          <a href="http://structuremap.sourceforge.net/Interception.htm#section4">Apply Interception to all Instances of a PluginType</a>
          <ul />
        </li>
        <li>
          <a href="http://structuremap.sourceforge.net/Interception.htm#section5">Apply Interception to all Types Matching a Criteria</a>
          <ul />
        </li>
        <li>
          <a href="http://structuremap.sourceforge.net/Interception.htm#section6">Creating a Custom Type Interceptor</a>
          <ul />
        </li>
      </ul>
    </li>
    <li>
      <a href="http://structuremap.sourceforge.net/ChangingConfigurationAtRuntime.htm">Changing Configuration at Runtime</a>
      <ul>
        <li>
          <a href="http://structuremap.sourceforge.net/ChangingConfigurationAtRuntime.htm#section0">Adding Configuration to an Existing Container</a>
          <ul />
        </li>
        <li>
          <a href="http://structuremap.sourceforge.net/ChangingConfigurationAtRuntime.htm#section1">Injecting a Single Service at Runtime</a>
          <ul />
        </li>
        <li>
          <a href="http://structuremap.sourceforge.net/ChangingConfigurationAtRuntime.htm#section2">Injecting a Mock or a Stub at Runtime</a>
          <ul />
        </li>
        <li>
          <a href="http://structuremap.sourceforge.net/ChangingConfigurationAtRuntime.htm#section3">Ejecting all Instances of a PluginType</a>
          <ul />
        </li>
      </ul>
    </li>
    <li>
      <a href="http://structuremap.sourceforge.net/RetrievingServices.htm">Retrieving Services</a>
      <ul>
        <li>
          <a href="http://structuremap.sourceforge.net/RetrievingServices.htm#section0">Get a Service by PluginType</a>
          <ul />
        </li>
        <li>
          <a href="http://structuremap.sourceforge.net/RetrievingServices.htm#section1">Get a Service by PluginType and Name</a>
          <ul />
        </li>
        <li>
          <a href="http://structuremap.sourceforge.net/RetrievingServices.htm#section2">Get all Instances of a PluginType</a>
          <ul />
        </li>
        <li>
          <a href="http://structuremap.sourceforge.net/RetrievingServices.htm#section3">"Fill" all of the Dependencies of a Concrete Class</a>
          <ul />
        </li>
        <li>
          <a href="http://structuremap.sourceforge.net/RetrievingServices.htm#section4">Passing Arguments to StructureMap at Runtime</a>
          <ul />
        </li>
        <li>
          <a href="http://structuremap.sourceforge.net/RetrievingServices.htm#section5">"Try" to Get an Instance</a>
          <ul />
        </li>
      </ul>
    </li>
    <li>
      <a href="http://structuremap.sourceforge.net/AutoMocker.htm">Using the StructureMap AutoMocker</a>
      <ul>
        <li>
          <a href="http://structuremap.sourceforge.net/AutoMocker.htm#section0">How it Works</a>
          <ul />
        </li>
        <li>
          <a href="http://structuremap.sourceforge.net/AutoMocker.htm#section1">How it uses Mock Engines</a>
          <ul />
        </li>
        <li>
          <a href="http://structuremap.sourceforge.net/AutoMocker.htm#section2">Supplying Mocks or Stubs to the AutoMocker</a>
          <ul />
        </li>
        <li>
          <a href="http://structuremap.sourceforge.net/AutoMocker.htm#section3">Partial Mock the ClassUnderTest</a>
          <ul />
        </li>
      </ul>
    </li>
    <li>
      <a href="http://structuremap.sourceforge.net/Diagnostics.htm">Diagnostics and Environment Tests</a>
      <ul>
        <li>
          <a href="http://structuremap.sourceforge.net/Diagnostics.htm#section0">What do I Have?</a>
          <ul />
        </li>
        <li>
          <a href="http://structuremap.sourceforge.net/Diagnostics.htm#section1">Asserting that Configuration is Valid</a>
          <ul />
        </li>
        <li>
          <a href="http://structuremap.sourceforge.net/Diagnostics.htm#section2">Environment Tests</a>
          <ul />
        </li>
        <li>
          <a href="http://structuremap.sourceforge.net/Diagnostics.htm#section3">StructureMapDoctor</a>
          <ul />
        </li>
        <li>
          <a href="http://structuremap.sourceforge.net/Diagnostics.htm#section4">Querying the Configuration</a>
          <ul />
        </li>
      </ul>
    </li>
    <li>
      <a href="http://structuremap.sourceforge.net/HowDoesStructureMapWork.htm">How does StructureMap Work?</a>
      <ul />
    </li>
    <li>
      <a href="http://structuremap.sourceforge.net/ConstructorAndSetterInjection.htm">Constructor and Setter Injection</a>
      <ul>
        <li>
          <a href="http://structuremap.sourceforge.net/ConstructorAndSetterInjection.htm#section0">&lt;A name=ctor&gt;&lt;/A&gt;Using Constructor Injection</a>
          <ul>
            <li>
              <a href="http://structuremap.sourceforge.net/ConstructorAndSetterInjection.htm#section1">Overriding the Constructor with an Attribute</a>
            </li>
            <li>
              <a href="http://structuremap.sourceforge.net/ConstructorAndSetterInjection.htm#section2">Overriding the Constructor in the Registry DSL</a>
            </li>
          </ul>
        </li>
        <li>
          <a href="http://structuremap.sourceforge.net/ConstructorAndSetterInjection.htm#section3">Using Setter Injection</a>
          <ul>
            <li>
              <a href="http://structuremap.sourceforge.net/ConstructorAndSetterInjection.htm#section4">Configuring Primitive Setter Properties</a>
            </li>
            <li>
              <a href="http://structuremap.sourceforge.net/ConstructorAndSetterInjection.htm#section5">Configuring Setter Dependencies</a>
            </li>
            <li>
              <a href="http://structuremap.sourceforge.net/ConstructorAndSetterInjection.htm#section6">"Auto Filling" a Setter Dependency</a>
            </li>
          </ul>
        </li>
        <li>
          <a href="http://structuremap.sourceforge.net/ConstructorAndSetterInjection.htm#section7">Applying Setter Injection to an Existing Object (BuildUp)</a>
          <ul />
        </li>
        <li>
          <a href="http://structuremap.sourceforge.net/ConstructorAndSetterInjection.htm#section8">&lt;A name=SetterPolicies&gt;&lt;/A&gt;Creating Policies for Setter Injection</a>
          <ul>
            <li>
              <a href="http://structuremap.sourceforge.net/ConstructorAndSetterInjection.htm#section9">Specify a Setter Policy by Property Name</a>
            </li>
            <li>
              <a href="http://structuremap.sourceforge.net/ConstructorAndSetterInjection.htm#section10">Specify a Setter Policy by Property Type</a>
            </li>
          </ul>
        </li>
        <li>
          <a href="http://structuremap.sourceforge.net/ConstructorAndSetterInjection.htm#section11">Defining Setter Properties with Attributes</a>
          <ul />
        </li>
        <li>
          <a href="http://structuremap.sourceforge.net/ConstructorAndSetterInjection.htm#section12">Defining Setter Properties in Xml</a>
          <ul />
        </li>
      </ul>
    </li>
    <li>
      <a href="http://structuremap.sourceforge.net/AutoWiring.htm">AutoWiring</a>
      <ul>
        <li>
          <a href="http://structuremap.sourceforge.net/AutoWiring.htm#section0">IoC Container Anti-Pattern</a>
          <ul />
        </li>
        <li>
          <a href="http://structuremap.sourceforge.net/AutoWiring.htm#section1">Example</a>
          <ul />
        </li>
        <li>
          <a href="http://structuremap.sourceforge.net/AutoWiring.htm#section2">StructureMap's Policies for Auto Wiring</a>
          <ul>
            <li>
              <a href="http://structuremap.sourceforge.net/AutoWiring.htm#section3">Object Identity within a Single Request</a>
            </li>
            <li>
              <a href="http://structuremap.sourceforge.net/AutoWiring.htm#section4">Injecting Arrays of Services</a>
            </li>
          </ul>
        </li>
      </ul>
    </li>
    <li>
      <a href="http://structuremap.sourceforge.net/Generics.htm">StructureMap and Generics</a>
      <ul />
    </li>
    <li>
      <a href="http://structuremap.sourceforge.net/RuntimeArchitecture.htm">Runtime Architecture</a>
      <ul />
    </li>
    <li>
      <a href="http://structuremap.sourceforge.net/UsingSessionContext.htm">Using the Session Context</a>
      <ul>
        <li>
          <a href="http://structuremap.sourceforge.net/UsingSessionContext.htm#section0">Using the Build Stack</a>
          <ul />
        </li>
        <li>
          <a href="http://structuremap.sourceforge.net/UsingSessionContext.htm#section1">Using the Requested Name</a>
          <ul />
        </li>
        <li>
          <a href="http://structuremap.sourceforge.net/UsingSessionContext.htm#section2">Retrieving a Service from IContext</a>
          <ul />
        </li>
        <li>
          <a href="http://structuremap.sourceforge.net/UsingSessionContext.htm#section3">Registering a Service with IContext</a>
          <ul />
        </li>
      </ul>
    </li>
    <li>
      <a href="http://structuremap.sourceforge.net/ExtendingStructureMap.htm">Extending StructureMap</a>
      <ul>
        <li>
          <a href="http://structuremap.sourceforge.net/ExtendingStructureMap.htm#section0">Forthcoming...</a>
          <ul />
        </li>
      </ul>
    </li>
    <li>
      <a href="http://structuremap.sourceforge.net/UsingTheContainerOutsideOfObjectFactory.htm">Using the Container Outside of ObjectFactory</a>
      <ul />
    </li>
  </ul>
</div>